<?xml version="1.0"?>
<root>
 <n name="worker_version">3</n>
 <g name="units_manager">
  <g name="max_unit_id">
   <n name="id">-1</n>
  </g>
  <g name="max_config_id">
   <n name="id">4</n>
  </g>
  <a name="id_to_config" size="0" />
  <a name="id_to_user_unit" size="0" />
  <a name="id_to_config_name" size="5">
   <an name="0">
    <g name="value">
     <g name="1">
      <n name="id">0</n>
     </g>
     <n name="2">SI</n>
    </g>
   </an>
   <an name="1">
    <g name="value">
     <g name="1">
      <n name="id">1</n>
     </g>
     <n name="2">METRIC</n>
    </g>
   </an>
   <an name="2">
    <g name="value">
     <g name="1">
      <n name="id">2</n>
     </g>
     <n name="2">FIELD</n>
    </g>
   </an>
   <an name="3">
    <g name="value">
     <g name="1">
      <n name="id">3</n>
     </g>
     <n name="2">LAB</n>
    </g>
   </an>
   <an name="4">
    <g name="value">
     <g name="1">
      <n name="id">4</n>
     </g>
     <n name="2">$internal</n>
    </g>
   </an>
  </a>
  <a name="id_to_user_unit_name" size="0" />
  <g name="favorite_uts_bitset">
   <g name="no">
    <n name="value">false</n>
   </g>
   <g name="length">
    <n name="value">false</n>
   </g>
   <g name="length_1">
    <n name="value">false</n>
   </g>
   <g name="area">
    <n name="value">false</n>
   </g>
   <g name="area_1">
    <n name="value">false</n>
   </g>
   <g name="molar_density">
    <n name="value">false</n>
   </g>
   <g name="molar_density_sc">
    <n name="value">false</n>
   </g>
   <g name="molar_density_ft3_in_field">
    <n name="value">false</n>
   </g>
   <g name="density">
    <n name="value">false</n>
   </g>
   <g name="mass_concentration">
    <n name="value">false</n>
   </g>
   <g name="mass_concentration_1">
    <n name="value">false</n>
   </g>
   <g name="gas_mass_concentration">
    <n name="value">false</n>
   </g>
   <g name="gas_mass_concentration_1">
    <n name="value">false</n>
   </g>
   <g name="gas_concentration">
    <n name="value">false</n>
   </g>
   <g name="gas_surface_concentration">
    <n name="value">false</n>
   </g>
   <g name="mol_concentration">
    <n name="value">false</n>
   </g>
   <g name="pressure">
    <n name="value">false</n>
   </g>
   <g name="pressure_1">
    <n name="value">false</n>
   </g>
   <g name="pressure_absolute">
    <n name="value">false</n>
   </g>
   <g name="pressure_grad">
    <n name="value">false</n>
   </g>
   <g name="stress_intensity">
    <n name="value">false</n>
   </g>
   <g name="energy">
    <n name="value">false</n>
   </g>
   <g name="energy_density">
    <n name="value">false</n>
   </g>
   <g name="energy_mass_density">
    <n name="value">false</n>
   </g>
   <g name="energy_volume_density">
    <n name="value">false</n>
   </g>
   <g name="energy_volume_density_per_day">
    <n name="value">false</n>
   </g>
   <g name="energy_per_day_rate">
    <n name="value">false</n>
   </g>
   <g name="energy_per_day_on_mass">
    <n name="value">false</n>
   </g>
   <g name="reaction_energy">
    <n name="value">false</n>
   </g>
   <g name="reaction_rate">
    <n name="value">false</n>
   </g>
   <g name="phase_enthalpy">
    <n name="value">false</n>
   </g>
   <g name="rock_enthalpy">
    <n name="value">false</n>
   </g>
   <g name="gas_liquid">
    <n name="value">false</n>
   </g>
   <g name="liquid_gas">
    <n name="value">false</n>
   </g>
   <g name="liquid_liquid">
    <n name="value">false</n>
   </g>
   <g name="liquid_surface_rate">
    <n name="value">false</n>
   </g>
   <g name="liquid_surface_rate_1">
    <n name="value">false</n>
   </g>
   <g name="liquid_surface_rate_density">
    <n name="value">false</n>
   </g>
   <g name="gas_surface_rate">
    <n name="value">false</n>
   </g>
   <g name="gas_surface_rate_1">
    <n name="value">false</n>
   </g>
   <g name="liquid_volume_rate">
    <n name="value">false</n>
   </g>
   <g name="liquid_volume_rate_ft3">
    <n name="value">false</n>
   </g>
   <g name="gas_volume_rate">
    <n name="value">false</n>
   </g>
   <g name="volume_rate">
    <n name="value">false</n>
   </g>
   <g name="reservoir_rate">
    <n name="value">false</n>
   </g>
   <g name="surface_volume_rate">
    <n name="value">false</n>
   </g>
   <g name="liquid_surface_volume">
    <n name="value">false</n>
   </g>
   <g name="gas_surface_volume">
    <n name="value">false</n>
   </g>
   <g name="reservoir_volume">
    <n name="value">false</n>
   </g>
   <g name="volume">
    <n name="value">false</n>
   </g>
   <g name="volume_1">
    <n name="value">false</n>
   </g>
   <g name="velocity">
    <n name="value">false</n>
   </g>
   <g name="flowline_velocity">
    <n name="value">false</n>
   </g>
   <g name="viscosity">
    <n name="value">false</n>
   </g>
   <g name="viscosity_1">
    <n name="value">false</n>
   </g>
   <g name="surface_tension">
    <n name="value">false</n>
   </g>
   <g name="surface_tension_alternate">
    <n name="value">false</n>
   </g>
   <g name="liquid_formation_volume_factor">
    <n name="value">false</n>
   </g>
   <g name="liquid_formation_volume_factor_1">
    <n name="value">false</n>
   </g>
   <g name="gas_formation_volume_factor">
    <n name="value">false</n>
   </g>
   <g name="gas_formation_volume_factor_1">
    <n name="value">false</n>
   </g>
   <g name="temperature_rel_to_rel">
    <n name="value">false</n>
   </g>
   <g name="temperature_abs">
    <n name="value">false</n>
   </g>
   <g name="temperature_rel_to_internal_abs">
    <n name="value">false</n>
   </g>
   <g name="temperature_internal_abs_to_rel">
    <n name="value">false</n>
   </g>
   <g name="temperature_abs_1">
    <n name="value">false</n>
   </g>
   <g name="temperature_gradient">
    <n name="value">false</n>
   </g>
   <g name="weight">
    <n name="value">false</n>
   </g>
   <g name="kg_tonns">
    <n name="value">false</n>
   </g>
   <g name="ston_weight">
    <n name="value">false</n>
   </g>
   <g name="weight_rate">
    <n name="value">false</n>
   </g>
   <g name="weight_rate_1">
    <n name="value">false</n>
   </g>
   <g name="ston_weight_rate">
    <n name="value">false</n>
   </g>
   <g name="mol_weight">
    <n name="value">false</n>
   </g>
   <g name="mol_weight_rate">
    <n name="value">false</n>
   </g>
   <g name="permeability">
    <n name="value">false</n>
   </g>
   <g name="transmissibility">
    <n name="value">false</n>
   </g>
   <g name="transmissibility_wi">
    <n name="value">false</n>
   </g>
   <g name="time">
    <n name="value">false</n>
   </g>
   <g name="time_1">
    <n name="value">false</n>
   </g>
   <g name="seconds">
    <n name="value">false</n>
   </g>
   <g name="percent">
    <n name="value">false</n>
   </g>
   <g name="percent_1">
    <n name="value">false</n>
   </g>
   <g name="adsorption">
    <n name="value">false</n>
   </g>
   <g name="molecular_weight">
    <n name="value">false</n>
   </g>
   <g name="molecular_weight_1">
    <n name="value">false</n>
   </g>
   <g name="molar_volume">
    <n name="value">false</n>
   </g>
   <g name="bulk_conductivity">
    <n name="value">false</n>
   </g>
   <g name="phase thermal conductivity">
    <n name="value">false</n>
   </g>
   <g name="specific_heat">
    <n name="value">false</n>
   </g>
   <g name="specific_heat_on_temp">
    <n name="value">false</n>
   </g>
   <g name="specific_heat_on_temp_square">
    <n name="value">false</n>
   </g>
   <g name="specific_heat_on_temp_cube">
    <n name="value">false</n>
   </g>
   <g name="specific_heat_on_temp_tesseract">
    <n name="value">false</n>
   </g>
   <g name="volume_specific_heat">
    <n name="value">false</n>
   </g>
   <g name="volume_specific_heat_on_temp">
    <n name="value">false</n>
   </g>
   <g name="heat_rate">
    <n name="value">false</n>
   </g>
   <g name="heat_rate_on_length">
    <n name="value">false</n>
   </g>
   <g name="heat_rate_on_temp">
    <n name="value">false</n>
   </g>
   <g name="power">
    <n name="value">false</n>
   </g>
   <g name="equipment power">
    <n name="value">false</n>
   </g>
   <g name="angle">
    <n name="value">false</n>
   </g>
   <g name="dls">
    <n name="value">false</n>
   </g>
   <g name="fraction">
    <n name="value">false</n>
   </g>
   <g name="liquid_volume_rate_sc_per_pressure">
    <n name="value">false</n>
   </g>
   <g name="gas_volume_rate_sc_per_pressure">
    <n name="value">false</n>
   </g>
   <g name="gas_volume_rate_sc_per_squared_pressure">
    <n name="value">false</n>
   </g>
   <g name="gas_turbulent_flow_coefficient">
    <n name="value">false</n>
   </g>
   <g name="gas_laminar_flow_coefficient">
    <n name="value">false</n>
   </g>
   <g name="liquid_turbulent_flow_coefficient">
    <n name="value">false</n>
   </g>
   <g name="liquid_laminar_flow_coefficient">
    <n name="value">false</n>
   </g>
   <g name="heat_transfer_coefficient">
    <n name="value">false</n>
   </g>
   <g name="diffusion">
    <n name="value">false</n>
   </g>
   <g name="temperature_abs_sq_1">
    <n name="value">false</n>
   </g>
   <g name="pressure_temperature_1">
    <n name="value">false</n>
   </g>
   <g name="pore_volume_per_pressure">
    <n name="value">false</n>
   </g>
   <g name="device_pressure_loss_coeff_specific">
    <n name="value">false</n>
   </g>
   <g name="device_pressure_loss_coeff">
    <n name="value">false</n>
   </g>
   <g name="rotational_frequency">
    <n name="value">false</n>
   </g>
   <g name="rotational_speed">
    <n name="value">false</n>
   </g>
   <g name="temperature">
    <n name="value">false</n>
   </g>
   <g name="temperature_rel">
    <n name="value">false</n>
   </g>
   <g name="fracture_conductivity">
    <n name="value">false</n>
   </g>
   <g name="wdfaccor_A">
    <n name="value">false</n>
   </g>
   <g name="wdfacabc_A">
    <n name="value">false</n>
   </g>
   <g name="wdfacabc_B">
    <n name="value">false</n>
   </g>
   <g name="force">
    <n name="value">false</n>
   </g>
   <g name="energy_gas_volume_density">
    <n name="value">false</n>
   </g>
   <g name="tracer_concentration">
    <n name="value">false</n>
   </g>
   <g name="liquid_reserve_density">
    <n name="value">false</n>
   </g>
   <g name="gas_reserve_density">
    <n name="value">false</n>
   </g>
   <g name="porosity">
    <n name="value">false</n>
   </g>
   <g name="porosity_new">
    <n name="value">false</n>
   </g>
   <g name="diameter">
    <n name="value">false</n>
   </g>
   <g name="roughness">
    <n name="value">false</n>
   </g>
   <g name="seismic_time">
    <n name="value">false</n>
   </g>
   <g name="seismic_velocity">
    <n name="value">false</n>
   </g>
   <g name="linear_mass">
    <n name="value">false</n>
   </g>
   <g name="thickness">
    <n name="value">false</n>
   </g>
   <g name="liquid_surface_thickness">
    <n name="value">false</n>
   </g>
   <g name="gas_surface_thickness">
    <n name="value">false</n>
   </g>
   <g name="fracture_width">
    <n name="value">false</n>
   </g>
   <g name="fracture_width_regression_coeff">
    <n name="value">false</n>
   </g>
   <g name="layer">
    <n name="value">false</n>
   </g>
   <g name="salinity">
    <n name="value">false</n>
   </g>
   <g name="corrosion_rate">
    <n name="value">false</n>
   </g>
   <g name="erosion_velocity_constant">
    <n name="value">false</n>
   </g>
   <g name="bg_pressure">
    <n name="value">false</n>
   </g>
   <g name="SEC/D">
    <n name="value">false</n>
   </g>
   <g name="mass_volume">
    <n name="value">false</n>
   </g>
   <g name="polymer_elongation_coefficient">
    <n name="value">false</n>
   </g>
   <g name="sonic">
    <n name="value">false</n>
   </g>
   <g name="bulk_density">
    <n name="value">false</n>
   </g>
  </g>
  <a name="favorite_uts_vector" size="0" />
  <g name="internal_config_id">
   <n name="id">4</n>
  </g>
  <n name="xy_unit_use">false</n>
  <g name="xy_unit">
   <g name="base_unit">
    <n name="unit_id">no</n>
    <n name="enum_string">no</n>
   </g>
   <a name="transform" size="0" />
   <g name="type_erased_user_unit_id">
    <n name="id">-1</n>
   </g>
  </g>
  <g name="xy_unit_curr">
   <g name="base_unit">
    <n name="unit_id">no</n>
    <n name="enum_string">no</n>
   </g>
   <a name="transform" size="0" />
   <g name="type_erased_user_unit_id">
    <n name="id">-1</n>
   </g>
  </g>
  <g name="units_manager">
   <g name="current_config">
    <n name="id">2</n>
   </g>
  </g>
 </g>
</root>
