<?xml version="1.0"?>
<root>
 <n name="worker_version">3</n>
 <g name="filter_setings">
  <a name="saved_log_filtering_settings" size="1">
   <an name="0">
    <g name="value">
     <n name="1">Log Filter 1</n>
     <g name="2">
      <g name="messages">
       <g name="value">
        <g name="ACTIONS">
         <n name="value">true</n>
        </g>
        <g name="AHM_EXPERIMENTS">
         <n name="value">true</n>
        </g>
        <g name="AHM_IMPORT_EXPORT">
         <n name="value">true</n>
        </g>
        <g name="AHM_INTERNAL_RESULTS">
         <n name="value">true</n>
        </g>
        <g name="API_COMMANDS">
         <n name="value">true</n>
        </g>
        <g name="AQUIFERS">
         <n name="value">true</n>
        </g>
        <g name="ARITHMETIC">
         <n name="value">true</n>
        </g>
        <g name="ASP">
         <n name="value">true</n>
        </g>
        <g name="ATTRIBUTE">
         <n name="value">true</n>
        </g>
        <g name="BACKUP">
         <n name="value">true</n>
        </g>
        <g name="BLEND">
         <n name="value">true</n>
        </g>
        <g name="BLOCKED_WELL">
         <n name="value">true</n>
        </g>
        <g name="CALCULATIONS">
         <n name="value">true</n>
        </g>
        <g name="CBM">
         <n name="value">true</n>
        </g>
        <g name="CHOKE">
         <n name="value">true</n>
        </g>
        <g name="COMPRESSOR">
         <n name="value">true</n>
        </g>
        <g name="CONN_OPEN">
         <n name="value">true</n>
        </g>
        <g name="CONN_SHUT">
         <n name="value">true</n>
        </g>
        <g name="CONTACT">
         <n name="value">true</n>
        </g>
        <g name="CONVERGENCE">
         <n name="value">true</n>
        </g>
        <g name="CONVERT">
         <n name="value">true</n>
        </g>
        <g name="COORDINATE_REFERENCE_SYSTEM">
         <n name="value">true</n>
        </g>
        <g name="CREATE">
         <n name="value">true</n>
        </g>
        <g name="CROSS_SECTION">
         <n name="value">true</n>
        </g>
        <g name="DELETE_DATA">
         <n name="value">true</n>
        </g>
        <g name="DRAINAGE_MATRIX">
         <n name="value">true</n>
        </g>
        <g name="DRILLING">
         <n name="value">true</n>
        </g>
        <g name="DUAL_PORO">
         <n name="value">true</n>
        </g>
        <g name="ECON_LIM">
         <n name="value">true</n>
        </g>
        <g name="EDIT">
         <n name="value">true</n>
        </g>
        <g name="ELAPSED">
         <n name="value">true</n>
        </g>
        <g name="END_POINT_SCALING">
         <n name="value">true</n>
        </g>
        <g name="EOS">
         <n name="value">true</n>
        </g>
        <g name="EOS_BLEND">
         <n name="value">true</n>
        </g>
        <g name="ETP">
         <n name="value">true</n>
        </g>
        <g name="EXPORT">
         <n name="value">true</n>
        </g>
        <g name="EXPORT_DATA">
         <n name="value">true</n>
        </g>
        <g name="EXTRAPOLATION">
         <n name="value">true</n>
        </g>
        <g name="FAULTS">
         <n name="value">true</n>
        </g>
        <g name="FENCE_POLYGONS">
         <n name="value">true</n>
        </g>
        <g name="FLOW_CORR">
         <n name="value">true</n>
        </g>
        <g name="FLUX">
         <n name="value">true</n>
        </g>
        <g name="GAS_LIFT">
         <n name="value">true</n>
        </g>
        <g name="GD_PROJECT">
         <n name="value">true</n>
        </g>
        <g name="GEOMECHANICS">
         <n name="value">true</n>
        </g>
        <g name="GEOSTEERING">
         <n name="value">true</n>
        </g>
        <g name="GPUC">
         <n name="value">true</n>
        </g>
        <g name="GRAPH_CALC">
         <n name="value">true</n>
        </g>
        <g name="GRID">
         <n name="value">true</n>
        </g>
        <g name="GROUP_LIM">
         <n name="value">true</n>
        </g>
        <g name="GROUP_MODIFIED">
         <n name="value">true</n>
        </g>
        <g name="GROUP_PARAMS">
         <n name="value">true</n>
        </g>
        <g name="GROUP_SWITCH">
         <n name="value">true</n>
        </g>
        <g name="HORIZONS">
         <n name="value">true</n>
        </g>
        <g name="INITIALIZATION">
         <n name="value">true</n>
        </g>
        <g name="INTERPOLATE">
         <n name="value">true</n>
        </g>
        <g name="IPR">
         <n name="value">true</n>
        </g>
        <g name="JOBS">
         <n name="value">true</n>
        </g>
        <g name="KEYWORDS">
         <n name="value">true</n>
        </g>
        <g name="LAUNCH">
         <n name="value">true</n>
        </g>
        <g name="LGR">
         <n name="value">true</n>
        </g>
        <g name="LICENSE">
         <n name="value">true</n>
        </g>
        <g name="LINK_ND">
         <n name="value">true</n>
        </g>
        <g name="LINKS_NNC">
         <n name="value">true</n>
        </g>
        <g name="LOAD_DATA">
         <n name="value">true</n>
        </g>
        <g name="LOGS">
         <n name="value">true</n>
        </g>
        <g name="MAP">
         <n name="value">true</n>
        </g>
        <g name="MAP_2D">
         <n name="value">true</n>
        </g>
        <g name="MARKERS">
         <n name="value">true</n>
        </g>
        <g name="MATERIAL_BALANCE">
         <n name="value">true</n>
        </g>
        <g name="MISSING_DATA">
         <n name="value">true</n>
        </g>
        <g name="MODEL_CONFIG">
         <n name="value">true</n>
        </g>
        <g name="MODEL_SPLIT_MERGE">
         <n name="value">true</n>
        </g>
        <g name="ND_CALC_PARAM">
         <n name="value">true</n>
        </g>
        <g name="ND_OBJECT">
         <n name="value">true</n>
        </g>
        <g name="ND_SOLVER">
         <n name="value">true</n>
        </g>
        <g name="NETWORK">
         <n name="value">true</n>
        </g>
        <g name="NODE_LIM">
         <n name="value">true</n>
        </g>
        <g name="OBJ_FUNC">
         <n name="value">true</n>
        </g>
        <g name="OBJ_STATUS">
         <n name="value">true</n>
        </g>
        <g name="OBJECT_INFO">
         <n name="value">true</n>
        </g>
        <g name="OBJECT_SIMULATION">
         <n name="value">true</n>
        </g>
        <g name="OPT_ALGORITHMS">
         <n name="value">true</n>
        </g>
        <g name="OUTPUT_DATA">
         <n name="value">true</n>
        </g>
        <g name="PIPES">
         <n name="value">true</n>
        </g>
        <g name="POINTSET">
         <n name="value">true</n>
        </g>
        <g name="POLYGONS">
         <n name="value">true</n>
        </g>
        <g name="PROPERTY">
         <n name="value">true</n>
        </g>
        <g name="PUMP">
         <n name="value">true</n>
        </g>
        <g name="PVT">
         <n name="value">true</n>
        </g>
        <g name="PVT_CALC">
         <n name="value">true</n>
        </g>
        <g name="PVT_EXPERIMENT">
         <n name="value">true</n>
        </g>
        <g name="PVT_LOAD_EXPORT">
         <n name="value">true</n>
        </g>
        <g name="PVT_PROP">
         <n name="value">true</n>
        </g>
        <g name="PY_ACTIONS">
         <n name="value">true</n>
        </g>
        <g name="PY_OBJECTS">
         <n name="value">true</n>
        </g>
        <g name="RATE_RATIO">
         <n name="value">true</n>
        </g>
        <g name="RATES">
         <n name="value">true</n>
        </g>
        <g name="REACTIONS">
         <n name="value">true</n>
        </g>
        <g name="REGIONS">
         <n name="value">true</n>
        </g>
        <g name="REPORT">
         <n name="value">true</n>
        </g>
        <g name="RESCUE">
         <n name="value">true</n>
        </g>
        <g name="RESERVOIR_COUPLING">
         <n name="value">true</n>
        </g>
        <g name="RESTART">
         <n name="value">true</n>
        </g>
        <g name="RESULTS">
         <n name="value">true</n>
        </g>
        <g name="ROCK">
         <n name="value">true</n>
        </g>
        <g name="RP_PC">
         <n name="value">true</n>
        </g>
        <g name="SAVE_DATA">
         <n name="value">true</n>
        </g>
        <g name="SCHEDULE">
         <n name="value">true</n>
        </g>
        <g name="SEISMIC">
         <n name="value">true</n>
        </g>
        <g name="SEPARATOR">
         <n name="value">true</n>
        </g>
        <g name="SINK">
         <n name="value">true</n>
        </g>
        <g name="SOLUTION">
         <n name="value">true</n>
        </g>
        <g name="SOLVER">
         <n name="value">true</n>
        </g>
        <g name="SOURCE">
         <n name="value">true</n>
        </g>
        <g name="STRUCT_MODEL">
         <n name="value">true</n>
        </g>
        <g name="SYSTEM">
         <n name="value">true</n>
        </g>
        <g name="TABLE_DATA">
         <n name="value">true</n>
        </g>
        <g name="TEMPLATE">
         <n name="value">true</n>
        </g>
        <g name="THERMAL">
         <n name="value">true</n>
        </g>
        <g name="TIME_STEP">
         <n name="value">true</n>
        </g>
        <g name="TOTAL">
         <n name="value">true</n>
        </g>
        <g name="TRACERS">
         <n name="value">true</n>
        </g>
        <g name="TRAJECTORY">
         <n name="value">true</n>
        </g>
        <g name="TREND">
         <n name="value">true</n>
        </g>
        <g name="UDQ">
         <n name="value">true</n>
        </g>
        <g name="UNITS">
         <n name="value">true</n>
        </g>
        <g name="USER_DATA">
         <n name="value">true</n>
        </g>
        <g name="VARIABLES">
         <n name="value">true</n>
        </g>
        <g name="VARIOGRAM">
         <n name="value">true</n>
        </g>
        <g name="VERSION">
         <n name="value">true</n>
        </g>
        <g name="VFP_BASIC_DATA">
         <n name="value">true</n>
        </g>
        <g name="VFP_TABLE">
         <n name="value">true</n>
        </g>
        <g name="VFPCORR_ERROR">
         <n name="value">true</n>
        </g>
        <g name="VISCOSITY">
         <n name="value">true</n>
        </g>
        <g name="VOLUME">
         <n name="value">true</n>
        </g>
        <g name="VOLUMETRICS">
         <n name="value">true</n>
        </g>
        <g name="WELL_CALC">
         <n name="value">true</n>
        </g>
        <g name="WELL_CONTR">
         <n name="value">true</n>
        </g>
        <g name="WELL_DATA">
         <n name="value">true</n>
        </g>
        <g name="WELL_FRACS">
         <n name="value">true</n>
        </g>
        <g name="WELL_LIM">
         <n name="value">true</n>
        </g>
        <g name="WELL_MODIFIED">
         <n name="value">true</n>
        </g>
        <g name="WELL_OPEN">
         <n name="value">true</n>
        </g>
        <g name="WELL_PARAMS">
         <n name="value">true</n>
        </g>
        <g name="WELL_SEGS">
         <n name="value">true</n>
        </g>
        <g name="WELL_SHUT">
         <n name="value">true</n>
        </g>
        <g name="WELL_SWITCH">
         <n name="value">true</n>
        </g>
        <g name="WELL_THP_VFP">
         <n name="value">true</n>
        </g>
        <g name="WORKFLOW">
         <n name="value">true</n>
        </g>
        <g name="NO_TAG">
         <n name="value">true</n>
        </g>
       </g>
      </g>
      <g name="well_events">
       <g name="value">
        <g name="ACTIONS">
         <n name="value">true</n>
        </g>
        <g name="AHM_EXPERIMENTS">
         <n name="value">true</n>
        </g>
        <g name="AHM_IMPORT_EXPORT">
         <n name="value">true</n>
        </g>
        <g name="AHM_INTERNAL_RESULTS">
         <n name="value">true</n>
        </g>
        <g name="API_COMMANDS">
         <n name="value">true</n>
        </g>
        <g name="AQUIFERS">
         <n name="value">true</n>
        </g>
        <g name="ARITHMETIC">
         <n name="value">true</n>
        </g>
        <g name="ASP">
         <n name="value">true</n>
        </g>
        <g name="ATTRIBUTE">
         <n name="value">true</n>
        </g>
        <g name="BACKUP">
         <n name="value">true</n>
        </g>
        <g name="BLEND">
         <n name="value">true</n>
        </g>
        <g name="BLOCKED_WELL">
         <n name="value">true</n>
        </g>
        <g name="CALCULATIONS">
         <n name="value">true</n>
        </g>
        <g name="CBM">
         <n name="value">true</n>
        </g>
        <g name="CHOKE">
         <n name="value">true</n>
        </g>
        <g name="COMPRESSOR">
         <n name="value">true</n>
        </g>
        <g name="CONN_OPEN">
         <n name="value">true</n>
        </g>
        <g name="CONN_SHUT">
         <n name="value">true</n>
        </g>
        <g name="CONTACT">
         <n name="value">true</n>
        </g>
        <g name="CONVERGENCE">
         <n name="value">true</n>
        </g>
        <g name="CONVERT">
         <n name="value">true</n>
        </g>
        <g name="COORDINATE_REFERENCE_SYSTEM">
         <n name="value">true</n>
        </g>
        <g name="CREATE">
         <n name="value">true</n>
        </g>
        <g name="CROSS_SECTION">
         <n name="value">true</n>
        </g>
        <g name="DELETE_DATA">
         <n name="value">true</n>
        </g>
        <g name="DRAINAGE_MATRIX">
         <n name="value">true</n>
        </g>
        <g name="DRILLING">
         <n name="value">true</n>
        </g>
        <g name="DUAL_PORO">
         <n name="value">true</n>
        </g>
        <g name="ECON_LIM">
         <n name="value">true</n>
        </g>
        <g name="EDIT">
         <n name="value">true</n>
        </g>
        <g name="ELAPSED">
         <n name="value">true</n>
        </g>
        <g name="END_POINT_SCALING">
         <n name="value">true</n>
        </g>
        <g name="EOS">
         <n name="value">true</n>
        </g>
        <g name="EOS_BLEND">
         <n name="value">true</n>
        </g>
        <g name="ETP">
         <n name="value">true</n>
        </g>
        <g name="EXPORT">
         <n name="value">true</n>
        </g>
        <g name="EXPORT_DATA">
         <n name="value">true</n>
        </g>
        <g name="EXTRAPOLATION">
         <n name="value">true</n>
        </g>
        <g name="FAULTS">
         <n name="value">true</n>
        </g>
        <g name="FENCE_POLYGONS">
         <n name="value">true</n>
        </g>
        <g name="FLOW_CORR">
         <n name="value">true</n>
        </g>
        <g name="FLUX">
         <n name="value">true</n>
        </g>
        <g name="GAS_LIFT">
         <n name="value">true</n>
        </g>
        <g name="GD_PROJECT">
         <n name="value">true</n>
        </g>
        <g name="GEOMECHANICS">
         <n name="value">true</n>
        </g>
        <g name="GEOSTEERING">
         <n name="value">true</n>
        </g>
        <g name="GPUC">
         <n name="value">true</n>
        </g>
        <g name="GRAPH_CALC">
         <n name="value">true</n>
        </g>
        <g name="GRID">
         <n name="value">true</n>
        </g>
        <g name="GROUP_LIM">
         <n name="value">true</n>
        </g>
        <g name="GROUP_MODIFIED">
         <n name="value">true</n>
        </g>
        <g name="GROUP_PARAMS">
         <n name="value">true</n>
        </g>
        <g name="GROUP_SWITCH">
         <n name="value">true</n>
        </g>
        <g name="HORIZONS">
         <n name="value">true</n>
        </g>
        <g name="INITIALIZATION">
         <n name="value">true</n>
        </g>
        <g name="INTERPOLATE">
         <n name="value">true</n>
        </g>
        <g name="IPR">
         <n name="value">true</n>
        </g>
        <g name="JOBS">
         <n name="value">true</n>
        </g>
        <g name="KEYWORDS">
         <n name="value">true</n>
        </g>
        <g name="LAUNCH">
         <n name="value">true</n>
        </g>
        <g name="LGR">
         <n name="value">true</n>
        </g>
        <g name="LICENSE">
         <n name="value">true</n>
        </g>
        <g name="LINK_ND">
         <n name="value">true</n>
        </g>
        <g name="LINKS_NNC">
         <n name="value">true</n>
        </g>
        <g name="LOAD_DATA">
         <n name="value">true</n>
        </g>
        <g name="LOGS">
         <n name="value">true</n>
        </g>
        <g name="MAP">
         <n name="value">true</n>
        </g>
        <g name="MAP_2D">
         <n name="value">true</n>
        </g>
        <g name="MARKERS">
         <n name="value">true</n>
        </g>
        <g name="MATERIAL_BALANCE">
         <n name="value">true</n>
        </g>
        <g name="MISSING_DATA">
         <n name="value">true</n>
        </g>
        <g name="MODEL_CONFIG">
         <n name="value">true</n>
        </g>
        <g name="MODEL_SPLIT_MERGE">
         <n name="value">true</n>
        </g>
        <g name="ND_CALC_PARAM">
         <n name="value">true</n>
        </g>
        <g name="ND_OBJECT">
         <n name="value">true</n>
        </g>
        <g name="ND_SOLVER">
         <n name="value">true</n>
        </g>
        <g name="NETWORK">
         <n name="value">true</n>
        </g>
        <g name="NODE_LIM">
         <n name="value">true</n>
        </g>
        <g name="OBJ_FUNC">
         <n name="value">true</n>
        </g>
        <g name="OBJ_STATUS">
         <n name="value">true</n>
        </g>
        <g name="OBJECT_INFO">
         <n name="value">true</n>
        </g>
        <g name="OBJECT_SIMULATION">
         <n name="value">true</n>
        </g>
        <g name="OPT_ALGORITHMS">
         <n name="value">true</n>
        </g>
        <g name="OUTPUT_DATA">
         <n name="value">true</n>
        </g>
        <g name="PIPES">
         <n name="value">true</n>
        </g>
        <g name="POINTSET">
         <n name="value">true</n>
        </g>
        <g name="POLYGONS">
         <n name="value">true</n>
        </g>
        <g name="PROPERTY">
         <n name="value">true</n>
        </g>
        <g name="PUMP">
         <n name="value">true</n>
        </g>
        <g name="PVT">
         <n name="value">true</n>
        </g>
        <g name="PVT_CALC">
         <n name="value">true</n>
        </g>
        <g name="PVT_EXPERIMENT">
         <n name="value">true</n>
        </g>
        <g name="PVT_LOAD_EXPORT">
         <n name="value">true</n>
        </g>
        <g name="PVT_PROP">
         <n name="value">true</n>
        </g>
        <g name="PY_ACTIONS">
         <n name="value">true</n>
        </g>
        <g name="PY_OBJECTS">
         <n name="value">true</n>
        </g>
        <g name="RATE_RATIO">
         <n name="value">true</n>
        </g>
        <g name="RATES">
         <n name="value">true</n>
        </g>
        <g name="REACTIONS">
         <n name="value">true</n>
        </g>
        <g name="REGIONS">
         <n name="value">true</n>
        </g>
        <g name="REPORT">
         <n name="value">true</n>
        </g>
        <g name="RESCUE">
         <n name="value">true</n>
        </g>
        <g name="RESERVOIR_COUPLING">
         <n name="value">true</n>
        </g>
        <g name="RESTART">
         <n name="value">true</n>
        </g>
        <g name="RESULTS">
         <n name="value">true</n>
        </g>
        <g name="ROCK">
         <n name="value">true</n>
        </g>
        <g name="RP_PC">
         <n name="value">true</n>
        </g>
        <g name="SAVE_DATA">
         <n name="value">true</n>
        </g>
        <g name="SCHEDULE">
         <n name="value">true</n>
        </g>
        <g name="SEISMIC">
         <n name="value">true</n>
        </g>
        <g name="SEPARATOR">
         <n name="value">true</n>
        </g>
        <g name="SINK">
         <n name="value">true</n>
        </g>
        <g name="SOLUTION">
         <n name="value">true</n>
        </g>
        <g name="SOLVER">
         <n name="value">true</n>
        </g>
        <g name="SOURCE">
         <n name="value">true</n>
        </g>
        <g name="STRUCT_MODEL">
         <n name="value">true</n>
        </g>
        <g name="SYSTEM">
         <n name="value">true</n>
        </g>
        <g name="TABLE_DATA">
         <n name="value">true</n>
        </g>
        <g name="TEMPLATE">
         <n name="value">true</n>
        </g>
        <g name="THERMAL">
         <n name="value">true</n>
        </g>
        <g name="TIME_STEP">
         <n name="value">true</n>
        </g>
        <g name="TOTAL">
         <n name="value">true</n>
        </g>
        <g name="TRACERS">
         <n name="value">true</n>
        </g>
        <g name="TRAJECTORY">
         <n name="value">true</n>
        </g>
        <g name="TREND">
         <n name="value">true</n>
        </g>
        <g name="UDQ">
         <n name="value">true</n>
        </g>
        <g name="UNITS">
         <n name="value">true</n>
        </g>
        <g name="USER_DATA">
         <n name="value">true</n>
        </g>
        <g name="VARIABLES">
         <n name="value">true</n>
        </g>
        <g name="VARIOGRAM">
         <n name="value">true</n>
        </g>
        <g name="VERSION">
         <n name="value">true</n>
        </g>
        <g name="VFP_BASIC_DATA">
         <n name="value">true</n>
        </g>
        <g name="VFP_TABLE">
         <n name="value">true</n>
        </g>
        <g name="VFPCORR_ERROR">
         <n name="value">true</n>
        </g>
        <g name="VISCOSITY">
         <n name="value">true</n>
        </g>
        <g name="VOLUME">
         <n name="value">true</n>
        </g>
        <g name="VOLUMETRICS">
         <n name="value">true</n>
        </g>
        <g name="WELL_CALC">
         <n name="value">true</n>
        </g>
        <g name="WELL_CONTR">
         <n name="value">true</n>
        </g>
        <g name="WELL_DATA">
         <n name="value">true</n>
        </g>
        <g name="WELL_FRACS">
         <n name="value">true</n>
        </g>
        <g name="WELL_LIM">
         <n name="value">true</n>
        </g>
        <g name="WELL_MODIFIED">
         <n name="value">true</n>
        </g>
        <g name="WELL_OPEN">
         <n name="value">true</n>
        </g>
        <g name="WELL_PARAMS">
         <n name="value">true</n>
        </g>
        <g name="WELL_SEGS">
         <n name="value">true</n>
        </g>
        <g name="WELL_SHUT">
         <n name="value">true</n>
        </g>
        <g name="WELL_SWITCH">
         <n name="value">true</n>
        </g>
        <g name="WELL_THP_VFP">
         <n name="value">true</n>
        </g>
        <g name="WORKFLOW">
         <n name="value">true</n>
        </g>
        <g name="NO_TAG">
         <n name="value">true</n>
        </g>
       </g>
      </g>
      <g name="warnings_errors">
       <g name="value">
        <g name="ACTIONS">
         <n name="value">true</n>
        </g>
        <g name="AHM_EXPERIMENTS">
         <n name="value">true</n>
        </g>
        <g name="AHM_IMPORT_EXPORT">
         <n name="value">true</n>
        </g>
        <g name="AHM_INTERNAL_RESULTS">
         <n name="value">true</n>
        </g>
        <g name="API_COMMANDS">
         <n name="value">true</n>
        </g>
        <g name="AQUIFERS">
         <n name="value">true</n>
        </g>
        <g name="ARITHMETIC">
         <n name="value">true</n>
        </g>
        <g name="ASP">
         <n name="value">true</n>
        </g>
        <g name="ATTRIBUTE">
         <n name="value">true</n>
        </g>
        <g name="BACKUP">
         <n name="value">true</n>
        </g>
        <g name="BLEND">
         <n name="value">true</n>
        </g>
        <g name="BLOCKED_WELL">
         <n name="value">true</n>
        </g>
        <g name="CALCULATIONS">
         <n name="value">true</n>
        </g>
        <g name="CBM">
         <n name="value">true</n>
        </g>
        <g name="CHOKE">
         <n name="value">true</n>
        </g>
        <g name="COMPRESSOR">
         <n name="value">true</n>
        </g>
        <g name="CONN_OPEN">
         <n name="value">true</n>
        </g>
        <g name="CONN_SHUT">
         <n name="value">true</n>
        </g>
        <g name="CONTACT">
         <n name="value">true</n>
        </g>
        <g name="CONVERGENCE">
         <n name="value">true</n>
        </g>
        <g name="CONVERT">
         <n name="value">true</n>
        </g>
        <g name="COORDINATE_REFERENCE_SYSTEM">
         <n name="value">true</n>
        </g>
        <g name="CREATE">
         <n name="value">true</n>
        </g>
        <g name="CROSS_SECTION">
         <n name="value">true</n>
        </g>
        <g name="DELETE_DATA">
         <n name="value">true</n>
        </g>
        <g name="DRAINAGE_MATRIX">
         <n name="value">true</n>
        </g>
        <g name="DRILLING">
         <n name="value">true</n>
        </g>
        <g name="DUAL_PORO">
         <n name="value">true</n>
        </g>
        <g name="ECON_LIM">
         <n name="value">true</n>
        </g>
        <g name="EDIT">
         <n name="value">true</n>
        </g>
        <g name="ELAPSED">
         <n name="value">true</n>
        </g>
        <g name="END_POINT_SCALING">
         <n name="value">true</n>
        </g>
        <g name="EOS">
         <n name="value">true</n>
        </g>
        <g name="EOS_BLEND">
         <n name="value">true</n>
        </g>
        <g name="ETP">
         <n name="value">true</n>
        </g>
        <g name="EXPORT">
         <n name="value">true</n>
        </g>
        <g name="EXPORT_DATA">
         <n name="value">true</n>
        </g>
        <g name="EXTRAPOLATION">
         <n name="value">true</n>
        </g>
        <g name="FAULTS">
         <n name="value">true</n>
        </g>
        <g name="FENCE_POLYGONS">
         <n name="value">true</n>
        </g>
        <g name="FLOW_CORR">
         <n name="value">true</n>
        </g>
        <g name="FLUX">
         <n name="value">true</n>
        </g>
        <g name="GAS_LIFT">
         <n name="value">true</n>
        </g>
        <g name="GD_PROJECT">
         <n name="value">true</n>
        </g>
        <g name="GEOMECHANICS">
         <n name="value">true</n>
        </g>
        <g name="GEOSTEERING">
         <n name="value">true</n>
        </g>
        <g name="GPUC">
         <n name="value">true</n>
        </g>
        <g name="GRAPH_CALC">
         <n name="value">true</n>
        </g>
        <g name="GRID">
         <n name="value">true</n>
        </g>
        <g name="GROUP_LIM">
         <n name="value">true</n>
        </g>
        <g name="GROUP_MODIFIED">
         <n name="value">true</n>
        </g>
        <g name="GROUP_PARAMS">
         <n name="value">true</n>
        </g>
        <g name="GROUP_SWITCH">
         <n name="value">true</n>
        </g>
        <g name="HORIZONS">
         <n name="value">true</n>
        </g>
        <g name="INITIALIZATION">
         <n name="value">true</n>
        </g>
        <g name="INTERPOLATE">
         <n name="value">true</n>
        </g>
        <g name="IPR">
         <n name="value">true</n>
        </g>
        <g name="JOBS">
         <n name="value">true</n>
        </g>
        <g name="KEYWORDS">
         <n name="value">true</n>
        </g>
        <g name="LAUNCH">
         <n name="value">true</n>
        </g>
        <g name="LGR">
         <n name="value">true</n>
        </g>
        <g name="LICENSE">
         <n name="value">true</n>
        </g>
        <g name="LINK_ND">
         <n name="value">true</n>
        </g>
        <g name="LINKS_NNC">
         <n name="value">true</n>
        </g>
        <g name="LOAD_DATA">
         <n name="value">true</n>
        </g>
        <g name="LOGS">
         <n name="value">true</n>
        </g>
        <g name="MAP">
         <n name="value">true</n>
        </g>
        <g name="MAP_2D">
         <n name="value">true</n>
        </g>
        <g name="MARKERS">
         <n name="value">true</n>
        </g>
        <g name="MATERIAL_BALANCE">
         <n name="value">true</n>
        </g>
        <g name="MISSING_DATA">
         <n name="value">true</n>
        </g>
        <g name="MODEL_CONFIG">
         <n name="value">true</n>
        </g>
        <g name="MODEL_SPLIT_MERGE">
         <n name="value">true</n>
        </g>
        <g name="ND_CALC_PARAM">
         <n name="value">true</n>
        </g>
        <g name="ND_OBJECT">
         <n name="value">true</n>
        </g>
        <g name="ND_SOLVER">
         <n name="value">true</n>
        </g>
        <g name="NETWORK">
         <n name="value">true</n>
        </g>
        <g name="NODE_LIM">
         <n name="value">true</n>
        </g>
        <g name="OBJ_FUNC">
         <n name="value">true</n>
        </g>
        <g name="OBJ_STATUS">
         <n name="value">true</n>
        </g>
        <g name="OBJECT_INFO">
         <n name="value">true</n>
        </g>
        <g name="OBJECT_SIMULATION">
         <n name="value">true</n>
        </g>
        <g name="OPT_ALGORITHMS">
         <n name="value">true</n>
        </g>
        <g name="OUTPUT_DATA">
         <n name="value">true</n>
        </g>
        <g name="PIPES">
         <n name="value">true</n>
        </g>
        <g name="POINTSET">
         <n name="value">true</n>
        </g>
        <g name="POLYGONS">
         <n name="value">true</n>
        </g>
        <g name="PROPERTY">
         <n name="value">true</n>
        </g>
        <g name="PUMP">
         <n name="value">true</n>
        </g>
        <g name="PVT">
         <n name="value">true</n>
        </g>
        <g name="PVT_CALC">
         <n name="value">true</n>
        </g>
        <g name="PVT_EXPERIMENT">
         <n name="value">true</n>
        </g>
        <g name="PVT_LOAD_EXPORT">
         <n name="value">true</n>
        </g>
        <g name="PVT_PROP">
         <n name="value">true</n>
        </g>
        <g name="PY_ACTIONS">
         <n name="value">true</n>
        </g>
        <g name="PY_OBJECTS">
         <n name="value">true</n>
        </g>
        <g name="RATE_RATIO">
         <n name="value">true</n>
        </g>
        <g name="RATES">
         <n name="value">true</n>
        </g>
        <g name="REACTIONS">
         <n name="value">true</n>
        </g>
        <g name="REGIONS">
         <n name="value">true</n>
        </g>
        <g name="REPORT">
         <n name="value">true</n>
        </g>
        <g name="RESCUE">
         <n name="value">true</n>
        </g>
        <g name="RESERVOIR_COUPLING">
         <n name="value">true</n>
        </g>
        <g name="RESTART">
         <n name="value">true</n>
        </g>
        <g name="RESULTS">
         <n name="value">true</n>
        </g>
        <g name="ROCK">
         <n name="value">true</n>
        </g>
        <g name="RP_PC">
         <n name="value">true</n>
        </g>
        <g name="SAVE_DATA">
         <n name="value">true</n>
        </g>
        <g name="SCHEDULE">
         <n name="value">true</n>
        </g>
        <g name="SEISMIC">
         <n name="value">true</n>
        </g>
        <g name="SEPARATOR">
         <n name="value">true</n>
        </g>
        <g name="SINK">
         <n name="value">true</n>
        </g>
        <g name="SOLUTION">
         <n name="value">true</n>
        </g>
        <g name="SOLVER">
         <n name="value">true</n>
        </g>
        <g name="SOURCE">
         <n name="value">true</n>
        </g>
        <g name="STRUCT_MODEL">
         <n name="value">true</n>
        </g>
        <g name="SYSTEM">
         <n name="value">true</n>
        </g>
        <g name="TABLE_DATA">
         <n name="value">true</n>
        </g>
        <g name="TEMPLATE">
         <n name="value">true</n>
        </g>
        <g name="THERMAL">
         <n name="value">true</n>
        </g>
        <g name="TIME_STEP">
         <n name="value">true</n>
        </g>
        <g name="TOTAL">
         <n name="value">true</n>
        </g>
        <g name="TRACERS">
         <n name="value">true</n>
        </g>
        <g name="TRAJECTORY">
         <n name="value">true</n>
        </g>
        <g name="TREND">
         <n name="value">true</n>
        </g>
        <g name="UDQ">
         <n name="value">true</n>
        </g>
        <g name="UNITS">
         <n name="value">true</n>
        </g>
        <g name="USER_DATA">
         <n name="value">true</n>
        </g>
        <g name="VARIABLES">
         <n name="value">true</n>
        </g>
        <g name="VARIOGRAM">
         <n name="value">true</n>
        </g>
        <g name="VERSION">
         <n name="value">true</n>
        </g>
        <g name="VFP_BASIC_DATA">
         <n name="value">true</n>
        </g>
        <g name="VFP_TABLE">
         <n name="value">true</n>
        </g>
        <g name="VFPCORR_ERROR">
         <n name="value">true</n>
        </g>
        <g name="VISCOSITY">
         <n name="value">true</n>
        </g>
        <g name="VOLUME">
         <n name="value">true</n>
        </g>
        <g name="VOLUMETRICS">
         <n name="value">true</n>
        </g>
        <g name="WELL_CALC">
         <n name="value">true</n>
        </g>
        <g name="WELL_CONTR">
         <n name="value">true</n>
        </g>
        <g name="WELL_DATA">
         <n name="value">true</n>
        </g>
        <g name="WELL_FRACS">
         <n name="value">true</n>
        </g>
        <g name="WELL_LIM">
         <n name="value">true</n>
        </g>
        <g name="WELL_MODIFIED">
         <n name="value">true</n>
        </g>
        <g name="WELL_OPEN">
         <n name="value">true</n>
        </g>
        <g name="WELL_PARAMS">
         <n name="value">true</n>
        </g>
        <g name="WELL_SEGS">
         <n name="value">true</n>
        </g>
        <g name="WELL_SHUT">
         <n name="value">true</n>
        </g>
        <g name="WELL_SWITCH">
         <n name="value">true</n>
        </g>
        <g name="WELL_THP_VFP">
         <n name="value">true</n>
        </g>
        <g name="WORKFLOW">
         <n name="value">true</n>
        </g>
        <g name="NO_TAG">
         <n name="value">true</n>
        </g>
       </g>
      </g>
      <g name="errors">
       <g name="value">
        <g name="ACTIONS">
         <n name="value">true</n>
        </g>
        <g name="AHM_EXPERIMENTS">
         <n name="value">true</n>
        </g>
        <g name="AHM_IMPORT_EXPORT">
         <n name="value">true</n>
        </g>
        <g name="AHM_INTERNAL_RESULTS">
         <n name="value">true</n>
        </g>
        <g name="API_COMMANDS">
         <n name="value">true</n>
        </g>
        <g name="AQUIFERS">
         <n name="value">true</n>
        </g>
        <g name="ARITHMETIC">
         <n name="value">true</n>
        </g>
        <g name="ASP">
         <n name="value">true</n>
        </g>
        <g name="ATTRIBUTE">
         <n name="value">true</n>
        </g>
        <g name="BACKUP">
         <n name="value">true</n>
        </g>
        <g name="BLEND">
         <n name="value">true</n>
        </g>
        <g name="BLOCKED_WELL">
         <n name="value">true</n>
        </g>
        <g name="CALCULATIONS">
         <n name="value">true</n>
        </g>
        <g name="CBM">
         <n name="value">true</n>
        </g>
        <g name="CHOKE">
         <n name="value">true</n>
        </g>
        <g name="COMPRESSOR">
         <n name="value">true</n>
        </g>
        <g name="CONN_OPEN">
         <n name="value">true</n>
        </g>
        <g name="CONN_SHUT">
         <n name="value">true</n>
        </g>
        <g name="CONTACT">
         <n name="value">true</n>
        </g>
        <g name="CONVERGENCE">
         <n name="value">true</n>
        </g>
        <g name="CONVERT">
         <n name="value">true</n>
        </g>
        <g name="COORDINATE_REFERENCE_SYSTEM">
         <n name="value">true</n>
        </g>
        <g name="CREATE">
         <n name="value">true</n>
        </g>
        <g name="CROSS_SECTION">
         <n name="value">true</n>
        </g>
        <g name="DELETE_DATA">
         <n name="value">true</n>
        </g>
        <g name="DRAINAGE_MATRIX">
         <n name="value">true</n>
        </g>
        <g name="DRILLING">
         <n name="value">true</n>
        </g>
        <g name="DUAL_PORO">
         <n name="value">true</n>
        </g>
        <g name="ECON_LIM">
         <n name="value">true</n>
        </g>
        <g name="EDIT">
         <n name="value">true</n>
        </g>
        <g name="ELAPSED">
         <n name="value">true</n>
        </g>
        <g name="END_POINT_SCALING">
         <n name="value">true</n>
        </g>
        <g name="EOS">
         <n name="value">true</n>
        </g>
        <g name="EOS_BLEND">
         <n name="value">true</n>
        </g>
        <g name="ETP">
         <n name="value">true</n>
        </g>
        <g name="EXPORT">
         <n name="value">true</n>
        </g>
        <g name="EXPORT_DATA">
         <n name="value">true</n>
        </g>
        <g name="EXTRAPOLATION">
         <n name="value">true</n>
        </g>
        <g name="FAULTS">
         <n name="value">true</n>
        </g>
        <g name="FENCE_POLYGONS">
         <n name="value">true</n>
        </g>
        <g name="FLOW_CORR">
         <n name="value">true</n>
        </g>
        <g name="FLUX">
         <n name="value">true</n>
        </g>
        <g name="GAS_LIFT">
         <n name="value">true</n>
        </g>
        <g name="GD_PROJECT">
         <n name="value">true</n>
        </g>
        <g name="GEOMECHANICS">
         <n name="value">true</n>
        </g>
        <g name="GEOSTEERING">
         <n name="value">true</n>
        </g>
        <g name="GPUC">
         <n name="value">true</n>
        </g>
        <g name="GRAPH_CALC">
         <n name="value">true</n>
        </g>
        <g name="GRID">
         <n name="value">true</n>
        </g>
        <g name="GROUP_LIM">
         <n name="value">true</n>
        </g>
        <g name="GROUP_MODIFIED">
         <n name="value">true</n>
        </g>
        <g name="GROUP_PARAMS">
         <n name="value">true</n>
        </g>
        <g name="GROUP_SWITCH">
         <n name="value">true</n>
        </g>
        <g name="HORIZONS">
         <n name="value">true</n>
        </g>
        <g name="INITIALIZATION">
         <n name="value">true</n>
        </g>
        <g name="INTERPOLATE">
         <n name="value">true</n>
        </g>
        <g name="IPR">
         <n name="value">true</n>
        </g>
        <g name="JOBS">
         <n name="value">true</n>
        </g>
        <g name="KEYWORDS">
         <n name="value">true</n>
        </g>
        <g name="LAUNCH">
         <n name="value">true</n>
        </g>
        <g name="LGR">
         <n name="value">true</n>
        </g>
        <g name="LICENSE">
         <n name="value">true</n>
        </g>
        <g name="LINK_ND">
         <n name="value">true</n>
        </g>
        <g name="LINKS_NNC">
         <n name="value">true</n>
        </g>
        <g name="LOAD_DATA">
         <n name="value">true</n>
        </g>
        <g name="LOGS">
         <n name="value">true</n>
        </g>
        <g name="MAP">
         <n name="value">true</n>
        </g>
        <g name="MAP_2D">
         <n name="value">true</n>
        </g>
        <g name="MARKERS">
         <n name="value">true</n>
        </g>
        <g name="MATERIAL_BALANCE">
         <n name="value">true</n>
        </g>
        <g name="MISSING_DATA">
         <n name="value">true</n>
        </g>
        <g name="MODEL_CONFIG">
         <n name="value">true</n>
        </g>
        <g name="MODEL_SPLIT_MERGE">
         <n name="value">true</n>
        </g>
        <g name="ND_CALC_PARAM">
         <n name="value">true</n>
        </g>
        <g name="ND_OBJECT">
         <n name="value">true</n>
        </g>
        <g name="ND_SOLVER">
         <n name="value">true</n>
        </g>
        <g name="NETWORK">
         <n name="value">true</n>
        </g>
        <g name="NODE_LIM">
         <n name="value">true</n>
        </g>
        <g name="OBJ_FUNC">
         <n name="value">true</n>
        </g>
        <g name="OBJ_STATUS">
         <n name="value">true</n>
        </g>
        <g name="OBJECT_INFO">
         <n name="value">true</n>
        </g>
        <g name="OBJECT_SIMULATION">
         <n name="value">true</n>
        </g>
        <g name="OPT_ALGORITHMS">
         <n name="value">true</n>
        </g>
        <g name="OUTPUT_DATA">
         <n name="value">true</n>
        </g>
        <g name="PIPES">
         <n name="value">true</n>
        </g>
        <g name="POINTSET">
         <n name="value">true</n>
        </g>
        <g name="POLYGONS">
         <n name="value">true</n>
        </g>
        <g name="PROPERTY">
         <n name="value">true</n>
        </g>
        <g name="PUMP">
         <n name="value">true</n>
        </g>
        <g name="PVT">
         <n name="value">true</n>
        </g>
        <g name="PVT_CALC">
         <n name="value">true</n>
        </g>
        <g name="PVT_EXPERIMENT">
         <n name="value">true</n>
        </g>
        <g name="PVT_LOAD_EXPORT">
         <n name="value">true</n>
        </g>
        <g name="PVT_PROP">
         <n name="value">true</n>
        </g>
        <g name="PY_ACTIONS">
         <n name="value">true</n>
        </g>
        <g name="PY_OBJECTS">
         <n name="value">true</n>
        </g>
        <g name="RATE_RATIO">
         <n name="value">true</n>
        </g>
        <g name="RATES">
         <n name="value">true</n>
        </g>
        <g name="REACTIONS">
         <n name="value">true</n>
        </g>
        <g name="REGIONS">
         <n name="value">true</n>
        </g>
        <g name="REPORT">
         <n name="value">true</n>
        </g>
        <g name="RESCUE">
         <n name="value">true</n>
        </g>
        <g name="RESERVOIR_COUPLING">
         <n name="value">true</n>
        </g>
        <g name="RESTART">
         <n name="value">true</n>
        </g>
        <g name="RESULTS">
         <n name="value">true</n>
        </g>
        <g name="ROCK">
         <n name="value">true</n>
        </g>
        <g name="RP_PC">
         <n name="value">true</n>
        </g>
        <g name="SAVE_DATA">
         <n name="value">true</n>
        </g>
        <g name="SCHEDULE">
         <n name="value">true</n>
        </g>
        <g name="SEISMIC">
         <n name="value">true</n>
        </g>
        <g name="SEPARATOR">
         <n name="value">true</n>
        </g>
        <g name="SINK">
         <n name="value">true</n>
        </g>
        <g name="SOLUTION">
         <n name="value">true</n>
        </g>
        <g name="SOLVER">
         <n name="value">true</n>
        </g>
        <g name="SOURCE">
         <n name="value">true</n>
        </g>
        <g name="STRUCT_MODEL">
         <n name="value">true</n>
        </g>
        <g name="SYSTEM">
         <n name="value">true</n>
        </g>
        <g name="TABLE_DATA">
         <n name="value">true</n>
        </g>
        <g name="TEMPLATE">
         <n name="value">true</n>
        </g>
        <g name="THERMAL">
         <n name="value">true</n>
        </g>
        <g name="TIME_STEP">
         <n name="value">true</n>
        </g>
        <g name="TOTAL">
         <n name="value">true</n>
        </g>
        <g name="TRACERS">
         <n name="value">true</n>
        </g>
        <g name="TRAJECTORY">
         <n name="value">true</n>
        </g>
        <g name="TREND">
         <n name="value">true</n>
        </g>
        <g name="UDQ">
         <n name="value">true</n>
        </g>
        <g name="UNITS">
         <n name="value">true</n>
        </g>
        <g name="USER_DATA">
         <n name="value">true</n>
        </g>
        <g name="VARIABLES">
         <n name="value">true</n>
        </g>
        <g name="VARIOGRAM">
         <n name="value">true</n>
        </g>
        <g name="VERSION">
         <n name="value">true</n>
        </g>
        <g name="VFP_BASIC_DATA">
         <n name="value">true</n>
        </g>
        <g name="VFP_TABLE">
         <n name="value">true</n>
        </g>
        <g name="VFPCORR_ERROR">
         <n name="value">true</n>
        </g>
        <g name="VISCOSITY">
         <n name="value">true</n>
        </g>
        <g name="VOLUME">
         <n name="value">true</n>
        </g>
        <g name="VOLUMETRICS">
         <n name="value">true</n>
        </g>
        <g name="WELL_CALC">
         <n name="value">true</n>
        </g>
        <g name="WELL_CONTR">
         <n name="value">true</n>
        </g>
        <g name="WELL_DATA">
         <n name="value">true</n>
        </g>
        <g name="WELL_FRACS">
         <n name="value">true</n>
        </g>
        <g name="WELL_LIM">
         <n name="value">true</n>
        </g>
        <g name="WELL_MODIFIED">
         <n name="value">true</n>
        </g>
        <g name="WELL_OPEN">
         <n name="value">true</n>
        </g>
        <g name="WELL_PARAMS">
         <n name="value">true</n>
        </g>
        <g name="WELL_SEGS">
         <n name="value">true</n>
        </g>
        <g name="WELL_SHUT">
         <n name="value">true</n>
        </g>
        <g name="WELL_SWITCH">
         <n name="value">true</n>
        </g>
        <g name="WELL_THP_VFP">
         <n name="value">true</n>
        </g>
        <g name="WORKFLOW">
         <n name="value">true</n>
        </g>
        <g name="NO_TAG">
         <n name="value">true</n>
        </g>
       </g>
      </g>
      <g name="viewer_log">
       <g name="value">
        <g name="ACTIONS">
         <n name="value">true</n>
        </g>
        <g name="AHM_EXPERIMENTS">
         <n name="value">true</n>
        </g>
        <g name="AHM_IMPORT_EXPORT">
         <n name="value">true</n>
        </g>
        <g name="AHM_INTERNAL_RESULTS">
         <n name="value">true</n>
        </g>
        <g name="API_COMMANDS">
         <n name="value">true</n>
        </g>
        <g name="AQUIFERS">
         <n name="value">true</n>
        </g>
        <g name="ARITHMETIC">
         <n name="value">true</n>
        </g>
        <g name="ASP">
         <n name="value">true</n>
        </g>
        <g name="ATTRIBUTE">
         <n name="value">true</n>
        </g>
        <g name="BACKUP">
         <n name="value">true</n>
        </g>
        <g name="BLEND">
         <n name="value">true</n>
        </g>
        <g name="BLOCKED_WELL">
         <n name="value">true</n>
        </g>
        <g name="CALCULATIONS">
         <n name="value">true</n>
        </g>
        <g name="CBM">
         <n name="value">true</n>
        </g>
        <g name="CHOKE">
         <n name="value">true</n>
        </g>
        <g name="COMPRESSOR">
         <n name="value">true</n>
        </g>
        <g name="CONN_OPEN">
         <n name="value">true</n>
        </g>
        <g name="CONN_SHUT">
         <n name="value">true</n>
        </g>
        <g name="CONTACT">
         <n name="value">true</n>
        </g>
        <g name="CONVERGENCE">
         <n name="value">true</n>
        </g>
        <g name="CONVERT">
         <n name="value">true</n>
        </g>
        <g name="COORDINATE_REFERENCE_SYSTEM">
         <n name="value">true</n>
        </g>
        <g name="CREATE">
         <n name="value">true</n>
        </g>
        <g name="CROSS_SECTION">
         <n name="value">true</n>
        </g>
        <g name="DELETE_DATA">
         <n name="value">true</n>
        </g>
        <g name="DRAINAGE_MATRIX">
         <n name="value">true</n>
        </g>
        <g name="DRILLING">
         <n name="value">true</n>
        </g>
        <g name="DUAL_PORO">
         <n name="value">true</n>
        </g>
        <g name="ECON_LIM">
         <n name="value">true</n>
        </g>
        <g name="EDIT">
         <n name="value">true</n>
        </g>
        <g name="ELAPSED">
         <n name="value">true</n>
        </g>
        <g name="END_POINT_SCALING">
         <n name="value">true</n>
        </g>
        <g name="EOS">
         <n name="value">true</n>
        </g>
        <g name="EOS_BLEND">
         <n name="value">true</n>
        </g>
        <g name="ETP">
         <n name="value">true</n>
        </g>
        <g name="EXPORT">
         <n name="value">true</n>
        </g>
        <g name="EXPORT_DATA">
         <n name="value">true</n>
        </g>
        <g name="EXTRAPOLATION">
         <n name="value">true</n>
        </g>
        <g name="FAULTS">
         <n name="value">true</n>
        </g>
        <g name="FENCE_POLYGONS">
         <n name="value">true</n>
        </g>
        <g name="FLOW_CORR">
         <n name="value">true</n>
        </g>
        <g name="FLUX">
         <n name="value">true</n>
        </g>
        <g name="GAS_LIFT">
         <n name="value">true</n>
        </g>
        <g name="GD_PROJECT">
         <n name="value">true</n>
        </g>
        <g name="GEOMECHANICS">
         <n name="value">true</n>
        </g>
        <g name="GEOSTEERING">
         <n name="value">true</n>
        </g>
        <g name="GPUC">
         <n name="value">true</n>
        </g>
        <g name="GRAPH_CALC">
         <n name="value">true</n>
        </g>
        <g name="GRID">
         <n name="value">true</n>
        </g>
        <g name="GROUP_LIM">
         <n name="value">true</n>
        </g>
        <g name="GROUP_MODIFIED">
         <n name="value">true</n>
        </g>
        <g name="GROUP_PARAMS">
         <n name="value">true</n>
        </g>
        <g name="GROUP_SWITCH">
         <n name="value">true</n>
        </g>
        <g name="HORIZONS">
         <n name="value">true</n>
        </g>
        <g name="INITIALIZATION">
         <n name="value">true</n>
        </g>
        <g name="INTERPOLATE">
         <n name="value">true</n>
        </g>
        <g name="IPR">
         <n name="value">true</n>
        </g>
        <g name="JOBS">
         <n name="value">true</n>
        </g>
        <g name="KEYWORDS">
         <n name="value">true</n>
        </g>
        <g name="LAUNCH">
         <n name="value">true</n>
        </g>
        <g name="LGR">
         <n name="value">true</n>
        </g>
        <g name="LICENSE">
         <n name="value">true</n>
        </g>
        <g name="LINK_ND">
         <n name="value">true</n>
        </g>
        <g name="LINKS_NNC">
         <n name="value">true</n>
        </g>
        <g name="LOAD_DATA">
         <n name="value">true</n>
        </g>
        <g name="LOGS">
         <n name="value">true</n>
        </g>
        <g name="MAP">
         <n name="value">true</n>
        </g>
        <g name="MAP_2D">
         <n name="value">true</n>
        </g>
        <g name="MARKERS">
         <n name="value">true</n>
        </g>
        <g name="MATERIAL_BALANCE">
         <n name="value">true</n>
        </g>
        <g name="MISSING_DATA">
         <n name="value">true</n>
        </g>
        <g name="MODEL_CONFIG">
         <n name="value">true</n>
        </g>
        <g name="MODEL_SPLIT_MERGE">
         <n name="value">true</n>
        </g>
        <g name="ND_CALC_PARAM">
         <n name="value">true</n>
        </g>
        <g name="ND_OBJECT">
         <n name="value">true</n>
        </g>
        <g name="ND_SOLVER">
         <n name="value">true</n>
        </g>
        <g name="NETWORK">
         <n name="value">true</n>
        </g>
        <g name="NODE_LIM">
         <n name="value">true</n>
        </g>
        <g name="OBJ_FUNC">
         <n name="value">true</n>
        </g>
        <g name="OBJ_STATUS">
         <n name="value">true</n>
        </g>
        <g name="OBJECT_INFO">
         <n name="value">true</n>
        </g>
        <g name="OBJECT_SIMULATION">
         <n name="value">true</n>
        </g>
        <g name="OPT_ALGORITHMS">
         <n name="value">true</n>
        </g>
        <g name="OUTPUT_DATA">
         <n name="value">true</n>
        </g>
        <g name="PIPES">
         <n name="value">true</n>
        </g>
        <g name="POINTSET">
         <n name="value">true</n>
        </g>
        <g name="POLYGONS">
         <n name="value">true</n>
        </g>
        <g name="PROPERTY">
         <n name="value">true</n>
        </g>
        <g name="PUMP">
         <n name="value">true</n>
        </g>
        <g name="PVT">
         <n name="value">true</n>
        </g>
        <g name="PVT_CALC">
         <n name="value">true</n>
        </g>
        <g name="PVT_EXPERIMENT">
         <n name="value">true</n>
        </g>
        <g name="PVT_LOAD_EXPORT">
         <n name="value">true</n>
        </g>
        <g name="PVT_PROP">
         <n name="value">true</n>
        </g>
        <g name="PY_ACTIONS">
         <n name="value">true</n>
        </g>
        <g name="PY_OBJECTS">
         <n name="value">true</n>
        </g>
        <g name="RATE_RATIO">
         <n name="value">true</n>
        </g>
        <g name="RATES">
         <n name="value">true</n>
        </g>
        <g name="REACTIONS">
         <n name="value">true</n>
        </g>
        <g name="REGIONS">
         <n name="value">true</n>
        </g>
        <g name="REPORT">
         <n name="value">true</n>
        </g>
        <g name="RESCUE">
         <n name="value">true</n>
        </g>
        <g name="RESERVOIR_COUPLING">
         <n name="value">true</n>
        </g>
        <g name="RESTART">
         <n name="value">true</n>
        </g>
        <g name="RESULTS">
         <n name="value">true</n>
        </g>
        <g name="ROCK">
         <n name="value">true</n>
        </g>
        <g name="RP_PC">
         <n name="value">true</n>
        </g>
        <g name="SAVE_DATA">
         <n name="value">true</n>
        </g>
        <g name="SCHEDULE">
         <n name="value">true</n>
        </g>
        <g name="SEISMIC">
         <n name="value">true</n>
        </g>
        <g name="SEPARATOR">
         <n name="value">true</n>
        </g>
        <g name="SINK">
         <n name="value">true</n>
        </g>
        <g name="SOLUTION">
         <n name="value">true</n>
        </g>
        <g name="SOLVER">
         <n name="value">true</n>
        </g>
        <g name="SOURCE">
         <n name="value">true</n>
        </g>
        <g name="STRUCT_MODEL">
         <n name="value">true</n>
        </g>
        <g name="SYSTEM">
         <n name="value">true</n>
        </g>
        <g name="TABLE_DATA">
         <n name="value">true</n>
        </g>
        <g name="TEMPLATE">
         <n name="value">true</n>
        </g>
        <g name="THERMAL">
         <n name="value">true</n>
        </g>
        <g name="TIME_STEP">
         <n name="value">true</n>
        </g>
        <g name="TOTAL">
         <n name="value">true</n>
        </g>
        <g name="TRACERS">
         <n name="value">true</n>
        </g>
        <g name="TRAJECTORY">
         <n name="value">true</n>
        </g>
        <g name="TREND">
         <n name="value">true</n>
        </g>
        <g name="UDQ">
         <n name="value">true</n>
        </g>
        <g name="UNITS">
         <n name="value">true</n>
        </g>
        <g name="USER_DATA">
         <n name="value">true</n>
        </g>
        <g name="VARIABLES">
         <n name="value">true</n>
        </g>
        <g name="VARIOGRAM">
         <n name="value">true</n>
        </g>
        <g name="VERSION">
         <n name="value">true</n>
        </g>
        <g name="VFP_BASIC_DATA">
         <n name="value">true</n>
        </g>
        <g name="VFP_TABLE">
         <n name="value">true</n>
        </g>
        <g name="VFPCORR_ERROR">
         <n name="value">true</n>
        </g>
        <g name="VISCOSITY">
         <n name="value">true</n>
        </g>
        <g name="VOLUME">
         <n name="value">true</n>
        </g>
        <g name="VOLUMETRICS">
         <n name="value">true</n>
        </g>
        <g name="WELL_CALC">
         <n name="value">true</n>
        </g>
        <g name="WELL_CONTR">
         <n name="value">true</n>
        </g>
        <g name="WELL_DATA">
         <n name="value">true</n>
        </g>
        <g name="WELL_FRACS">
         <n name="value">true</n>
        </g>
        <g name="WELL_LIM">
         <n name="value">true</n>
        </g>
        <g name="WELL_MODIFIED">
         <n name="value">true</n>
        </g>
        <g name="WELL_OPEN">
         <n name="value">true</n>
        </g>
        <g name="WELL_PARAMS">
         <n name="value">true</n>
        </g>
        <g name="WELL_SEGS">
         <n name="value">true</n>
        </g>
        <g name="WELL_SHUT">
         <n name="value">true</n>
        </g>
        <g name="WELL_SWITCH">
         <n name="value">true</n>
        </g>
        <g name="WELL_THP_VFP">
         <n name="value">true</n>
        </g>
        <g name="WORKFLOW">
         <n name="value">true</n>
        </g>
        <g name="NO_TAG">
         <n name="value">true</n>
        </g>
       </g>
      </g>
     </g>
    </g>
   </an>
  </a>
  <n name="filtering_strategy">filter_if_all_filtered</n>
  <n name="show_message_tags">false</n>
  <a name="filtering_masks" size="0" />
  <n name="filtering_masks_enabled">false</n>
  <n name="filtering_tags_enabled">true</n>
  <n name="mask_filtering_strategy">remove_messages</n>
  <n name="verbosity">general</n>
 </g>
</root>
